제목,검색키워드,이미지URL,촬영장소,촬영월,콘텐츠ID,콘텐츠타입ID,등록일시,수정일시,사진작가
돈내코유원지,"돈내코유원지, 제주특별자치도 서귀포시, 제주도, 원앙폭포, 물놀이, 수영, 8월 추천여행지, 사진기자단, 프레임코리아2기",http://tong.visitkorea.or.kr/cms2/website/54/3392654.jpg,제주특별자치도 서귀포시 상효동,,3392654,17,20241020165223,20241020165249,이정수
돈내코유원지,"돈내코유원지, 제주특별자치도 서귀포시, 제주도, 원앙폭포, 물놀이, 수영, 8월 추천여행지, 사진기자단, 프레임코리아2기",http://tong.visitkorea.or.kr/cms2/website/52/3392652.jpg,제주특별자치도 서귀포시 상효동,,3392652,17,20241020165007,20241020165029,이정수
한섬해수욕장,"한섬해수욕장, 강원특별자치도 동해시, 강원도, 한섬해변, 바다, 바닷가, 물놀이, 수영, 8월 추천여행지, 사진기자단, 프레임코리아2기",http://tong.visitkorea.or.kr/cms2/website/21/3389221.jpg,강원특별자치도 동해시 천곡동,,3389221,17,20241016155040,20241016155046,김경기
한섬해수욕장,"한섬해수욕장, 강원특별자치도 동해시, 강원도, 한섬해변, 바다, 바닷가, 물놀이, 수영, 8월 추천여행지, 사진기자단, 프레임코리아2기",http://tong.visitkorea.or.kr/cms2/website/13/3389213.jpg,강원특별자치도 동해시 천곡동,,3389213,17,20241016154908,20241016154927,김경기
한섬해수욕장,"한섬해수욕장, 강원특별자치도 동해시, 강원도, 한섬해변, 바다, 물놀이, 수영, 8월 추천여행지, 사진기자단, 프레임코리아2기",http://tong.visitkorea.or.kr/cms2/website/12/3389212.jpg,강원특별자치도 동해시 천곡동,,3389212,17,20241016154840,20241016154846,김경기
월정리해수욕장,"월정리해수욕장, 제주특별자치도 제주시, 제주도, 월정리해변, 바다, 바닷가, 물놀이, 서핑, 풍력발전기, 7월 추천여행지, 사진기자단, 프레임코리아2기",http://tong.visitkorea.or.kr/cms2/website/15/3364915.jpg,제주특별자치도 제주시 구좌읍,,3364915,17,20240911111134,20241015235324,이정수
월정리해수욕장,"월정리해수욕장, 제주특별자치도 제주시, 제주도, 월정리해변, 바다, 바닷가, 물놀이, 풍력발전기, 7월 추천여행지, 사진기자단, 프레임코리아2기",http://tong.visitkorea.or.kr/cms2/website/30/3364930.jpg,제주특별자치도 제주시 구좌읍,,3364930,17,20240911111833,20241015235223,이정수
월정리해수욕장,"월정리해수욕장, 제주특별자치도 제주시, 제주도, 월정리해변, 바다, 바닷가, 물놀이, 서핑, 7월 추천여행지, 사진기자단, 프레임코리아2기",http://tong.visitkorea.or.kr/cms2/website/93/3364893.jpg,제주특별자치도 제주시 구좌읍,,3364893,17,20240911104508,20241015235147,이정수
월정리해수욕장,"월정리해수욕장, 제주특별자치도 제주시, 제주도, 월정리해변, 바다, 바닷가, 물놀이, 7월 추천여행지, 사진기자단, 프레임코리아2기",http://tong.visitkorea.or.kr/cms2/website/11/3364911.jpg,제주특별자치도 제주시 구좌읍,,3364911,17,20240911110754,20241015235137,이정수
월정리해수욕장,"월정리해수욕장, 제주특별자치도 제주시, 제주도, 월정리해변, 바다, 바닷가, 물놀이, 서핑, 7월 추천여행지, 사진기자단, 프레임코리아2기",http://tong.visitkorea.or.kr/cms2/website/12/3364912.jpg,제주특별자치도 제주시 구좌읍,,3364912,17,20240911110839,20241015235018,이정수
월정리해수욕장,"월정리해수욕장, 제주특별자치도 제주시, 제주도, 월정리해변, 바다, 바닷가, 물놀이, 서핑, 풍력발전기, 7월 추천여행지, 사진기자단, 프레임코리아2기",http://tong.visitkorea.or.kr/cms2/website/62/3364862.jpg,제주특별자치도 제주시 구좌읍,,3364862,17,20240911102104,20241015234602,이정수
월정리해수욕장,"월정리해수욕장, 제주특별자치도 제주시, 제주도, 월정리해변, 바다, 바닷가, 물놀이, 파라솔, 7월 추천여행지, 사진기자단, 프레임코리아2기",http://tong.visitkorea.or.kr/cms2/website/24/3364924.jpg,제주특별자치도 제주시 구좌읍,,3364924,17,20240911111514,20241015234459,이정수
월정리해수욕장,"월정리해수욕장, 제주특별자치도 제주시, 제주도, 월정리해변, 바다, 바닷가, 물놀이, 서핑, 7월 추천여행지, 사진기자단, 프레임코리아2기",http://tong.visitkorea.or.kr/cms2/website/19/3364919.jpg,제주특별자치도 제주시 구좌읍,,3364919,17,20240911111311,20241015234315,이정수
월정리해수욕장,"월정리해수욕장, 제주특별자치도 제주시, 제주도, 월정리해변, 바다, 바닷가, 물놀이, 파라솔, 7월 추천여행지, 사진기자단, 프레임코리아2기",http://tong.visitkorea.or.kr/cms2/website/28/3364928.jpg,제주특별자치도 제주시 구좌읍,,3364928,17,20240911111714,20241015234127,이정수
월정리해수욕장,"월정리해수욕장, 제주특별자치도 제주시, 제주도, 월정리해변, 바다, 바닷가, 물놀이, 서핑, 7월 추천여행지, 사진기자단, 프레임코리아2기",http://tong.visitkorea.or.kr/cms2/website/18/3364918.jpg,제주특별자치도 제주시 구좌읍,,3364918,17,20240911111250,20241015233945,이정수
월정리해수욕장,"월정리해수욕장, 제주특별자치도 제주시, 제주도, 월정리해변, 바다, 바닷가, 물놀이, 서핑, 풍력발전기, 7월 추천여행지, 사진기자단, 프레임코리아2기",http://tong.visitkorea.or.kr/cms2/website/17/3364917.jpg,제주특별자치도 제주시 구좌읍,,3364917,17,20240911111222,20241015233934,이정수
월정리해수욕장,"월정리해수욕장, 제주특별자치도 제주시, 제주도, 월정리해변, 바다, 바닷가, 물놀이, 서핑, 풍력발전기, 7월 추천여행지, 사진기자단, 프레임코리아2기",http://tong.visitkorea.or.kr/cms2/website/14/3364914.jpg,제주특별자치도 제주시 구좌읍,,3364914,17,20240911111007,20241015233852,이정수
세기알해변,"세기알해변, 제주특별자치도 제주시, 제주도, 세기알해수욕장, 바다, 바닷가, 물놀이, 일몰, 석양, 노을, 7월 추천여행지, 사진기자단, 프레임코리아2기",http://tong.visitkorea.or.kr/cms2/website/95/3364295.jpg,제주특별자치도 제주시 구좌읍,,3364295,17,20240910170549,20240910170558,이정수
세기알해변,"세기알해변, 제주특별자치도 제주시, 제주도, 세기알해수욕장, 바다, 바닷가, 물놀이, 일몰, 석양, 노을, 7월 추천여행지, 사진기자단, 프레임코리아2기",http://tong.visitkorea.or.kr/cms2/website/94/3364294.jpg,제주특별자치도 제주시 구좌읍,,3364294,17,20240910170520,20240910170531,이정수
세기알해변,"세기알해변, 제주특별자치도 제주시, 제주도, 세기알해수욕장, 바다, 바닷가, 물놀이, 풍력발전기, 7월 추천여행지, 사진기자단, 프레임코리아2기",http://tong.visitkorea.or.kr/cms2/website/85/3364285.jpg,제주특별자치도 제주시 구좌읍,,3364285,17,20240910170203,20240910170218,이정수
세기알해변,"세기알해변, 제주특별자치도 제주시, 제주도, 세기알해수욕장, 바다, 바닷가, 물놀이, 풍력발전기, 7월 추천여행지, 사진기자단, 프레임코리아2기",http://tong.visitkorea.or.kr/cms2/website/72/3364272.jpg,제주특별자치도 제주시 구좌읍,,3364272,17,20240910170038,20240910170046,이정수
세기알해변,"세기알해변, 제주특별자치도 제주시, 제주도, 세기알해수욕장, 바다, 바닷가, 물놀이, 7월 추천여행지, 사진기자단, 프레임코리아2기",http://tong.visitkorea.or.kr/cms2/website/57/3364257.jpg,제주특별자치도 제주시 구좌읍,,3364257,17,20240910165944,20240910165954,이정수
세기알해변,"세기알해변, 제주특별자치도 제주시, 제주도, 세기알해수욕장, 바다, 바닷가, 물놀이, 풍력발전기, 7월 추천여행지, 사진기자단, 프레임코리아2기",http://tong.visitkorea.or.kr/cms2/website/50/3364250.jpg,제주특별자치도 제주시 구좌읍,,3364250,17,20240910165833,20240910165843,이정수
세기알해변,"세기알해변, 제주특별자치도 제주시, 제주도, 세기알해수욕장, 바다, 바닷가, 물놀이, 풍력발전기, 7월 추천여행지, 사진기자단, 프레임코리아2기",http://tong.visitkorea.or.kr/cms2/website/49/3364249.jpg,제주특별자치도 제주시 구좌읍,,3364249,17,20240910165753,20240910165810,이정수
세기알해변,"세기알해변, 제주특별자치도 제주시, 제주도, 세기알해수욕장, 바다, 바닷가, 물놀이, 풍력발전기, 7월 추천여행지, 사진기자단, 프레임코리아2기",http://tong.visitkorea.or.kr/cms2/website/48/3364248.jpg,제주특별자치도 제주시 구좌읍,,3364248,17,20240910165724,20240910165733,이정수
세기알해변,"세기알해변, 제주특별자치도 제주시, 제주도, 세기알해수욕장, 바다, 바닷가, 물놀이, 7월 추천여행지, 사진기자단, 프레임코리아2기",http://tong.visitkorea.or.kr/cms2/website/47/3364247.jpg,제주특별자치도 제주시 구좌읍,,3364247,17,20240910165650,20240910165700,이정수
세기알해변,"세기알해변, 제주특별자치도 제주시, 제주도, 세기알해수욕장, 바다, 바닷가, 물놀이, 7월 추천여행지, 사진기자단, 프레임코리아2기",http://tong.visitkorea.or.kr/cms2/website/46/3364246.jpg,제주특별자치도 제주시 구좌읍,,3364246,17,20240910165623,20240910165633,이정수
세기알해변,"세기알해변, 제주특별자치도 제주시, 제주도, 세기알해수욕장, 바다, 물놀이, 풍력발전기, 7월 추천여행지, 사진기자단, 프레임코리아2기",http://tong.visitkorea.or.kr/cms2/website/40/3364240.jpg,제주특별자치도 제주시 구좌읍,,3364240,17,20240910165543,20240910165556,이정수
세기알해변,"세기알해변, 제주특별자치도 제주시, 제주도, 세기알해수욕장, 바다, 바닷가, 물놀이, 7월 추천여행지, 사진기자단, 프레임코리아2기",http://tong.visitkorea.or.kr/cms2/website/39/3364239.jpg,제주특별자치도 제주시 구좌읍,,3364239,17,20240910165501,20240910165510,이정수
세기알해변,"세기알해변, 제주특별자치도 제주시, 제주도, 세기알해수욕장, 바다, 물놀이, 풍력발전기, 7월 추천여행지, 사진기자단, 프레임코리아2기",http://tong.visitkorea.or.kr/cms2/website/36/3364236.jpg,제주특별자치도 제주시 구좌읍,,3364236,17,20240910165410,20240910165425,이정수
세기알해변,"세기알해변, 제주특별자치도 제주시, 제주도, 세기알해수욕장, 바다, 물놀이, 풍력발전기, 7월 추천여행지, 사진기자단, 프레임코리아2기",http://tong.visitkorea.or.kr/cms2/website/23/3364223.jpg,제주특별자치도 제주시 구좌읍,,3364223,17,20240910165315,20240910165342,이정수
세기알해변,"세기알해변, 제주특별자치도 제주시, 제주도, 세기알해수욕장, 바다,  물놀이, 스노클링, 7월 추천여행지, 사진기자단, 프레임코리아2기",http://tong.visitkorea.or.kr/cms2/website/15/3364215.jpg,제주특별자치도 제주시 구좌읍,,3364215,17,20240910165128,20240910165238,이정수
세기알해변,"세기알해변, 제주특별자치도 제주시, 제주도, 세기알해수욕장, 바다, 바닷가, 물놀이, 7월 추천여행지, 사진기자단, 프레임코리아2기",http://tong.visitkorea.or.kr/cms2/website/14/3364214.jpg,제주특별자치도 제주시 구좌읍,,3364214,17,20240910165100,20240910165110,이정수
세기알해변,"세기알해변, 제주특별자치도 제주시, 제주도, 세기알해수욕장, 바다, 물놀이, 풍력발전기, 7월 추천여행지, 사진기자단, 프레임코리아2기",http://tong.visitkorea.or.kr/cms2/website/13/3364213.jpg,제주특별자치도 제주시 구좌읍,,3364213,17,20240910165014,20240910165021,이정수
세기알해변,"세기알해변, 제주특별자치도 제주시, 제주도, 세기알해수욕장, 바다, 물놀이, 풍력발전기, 7월 추천여행지, 사진기자단, 프레임코리아2기",http://tong.visitkorea.or.kr/cms2/website/05/3364205.jpg,제주특별자치도 제주시 구좌읍,,3364205,17,20240910164913,20240910164950,이정수
세기알해변,"세기알해변, 제주특별자치도 제주시, 제주도, 세기알해수욕장, 바다, 물놀이, 풍력발전기, 7월 추천여행지, 사진기자단, 프레임코리아2기",http://tong.visitkorea.or.kr/cms2/website/04/3364204.jpg,제주특별자치도 제주시 구좌읍,,3364204,17,20240910164838,20240910164847,이정수
세기알해변,"세기알해변, 제주특별자치도 제주시, 제주도, 세기알해수욕장, 바다, 물놀이, 등대, 7월 추천여행지, 사진기자단, 프레임코리아2기",http://tong.visitkorea.or.kr/cms2/website/91/3364191.jpg,제주특별자치도 제주시 구좌읍,,3364191,17,20240910164623,20240910164657,이정수
세기알해변,"세기알해변, 제주특별자치도 제주시, 제주도, 세기알해수욕장, 바다, 바닷가, 물놀이, 7월 추천여행지, 사진기자단, 프레임코리아2기",http://tong.visitkorea.or.kr/cms2/website/90/3364190.jpg,제주특별자치도 제주시 구좌읍,,3364190,17,20240910164544,20240910164553,이정수
세기알해변,"세기알해변, 제주특별자치도 제주시, 제주도, 세기알해수욕장, 바다, 물놀이, 등대, 7월 추천여행지, 사진기자단, 프레임코리아2기",http://tong.visitkorea.or.kr/cms2/website/68/3364168.jpg,제주특별자치도 제주시 구좌읍,,3364168,17,20240910164507,20240910164516,이정수
김녕성세기해변,"김녕성세기해변, 제주특별자치도 제주시, 제주도, 김녕성세기해수욕장, 김녕해변, 김녕해수욕장, 바다, 바닷가, 물놀이, 풍력발전기, 7월 추천여행지, 사진기자단, 프레임코리아2기",http://tong.visitkorea.or.kr/cms2/website/43/3364043.jpg,제주특별자치도 제주시 구좌읍,,3364043,17,20240910155829,20240910164430,이정수
김녕성세기해변,"김녕성세기해변, 제주특별자치도 제주시, 제주도, 김녕성세기해수욕장, 김녕해변, 김녕해수욕장, 바다, 바닷가, 물놀이, 풍력발전기, 7월 추천여행지, 사진기자단, 프레임코리아2기",http://tong.visitkorea.or.kr/cms2/website/50/3364050.jpg,제주특별자치도 제주시 구좌읍,,3364050,17,20240910160146,20240910164403,이정수
김녕성세기해변,"김녕성세기해변, 제주특별자치도 제주시, 제주도, 김녕성세기해수욕장, 김녕해변, 김녕해수욕장, 바다, 바닷가, 물놀이, 파라솔, 7월 추천여행지, 사진기자단, 프레임코리아2기",http://tong.visitkorea.or.kr/cms2/website/52/3364052.jpg,제주특별자치도 제주시 구좌읍,,3364052,17,20240910160318,20240910164349,이정수
김녕성세기해변,"김녕성세기해변, 제주특별자치도 제주시, 제주도, 김녕성세기해수욕장, 김녕해변, 김녕해수욕장, 바다, 바닷가, 물놀이, 파라솔, 풍력발전기, 7월 추천여행지, 사진기자단, 프레임코리아2기",http://tong.visitkorea.or.kr/cms2/website/69/3364069.jpg,제주특별자치도 제주시 구좌읍,,3364069,17,20240910161447,20240910164334,이정수
김녕성세기해변,"김녕성세기해변, 제주특별자치도 제주시, 제주도, 김녕성세기해수욕장, 김녕해변, 김녕해수욕장, 바다, 바닷가, 물놀이, 파라솔, 7월 추천여행지, 사진기자단, 프레임코리아2기",http://tong.visitkorea.or.kr/cms2/website/05/3364105.jpg,제주특별자치도 제주시 구좌읍,,3364105,17,20240910162620,20240910164317,이정수
김녕성세기해변,"김녕성세기해변, 제주특별자치도 제주시, 제주도, 김녕성세기해수욕장, 김녕해변, 김녕해수욕장, 바다, 바닷가, 물놀이, 파라솔, 7월 추천여행지, 사진기자단, 프레임코리아2기",http://tong.visitkorea.or.kr/cms2/website/08/3364108.jpg,제주특별자치도 제주시 구좌읍,,3364108,17,20240910162651,20240910164302,이정수
김녕성세기해변,"김녕성세기해변, 제주특별자치도 제주시, 제주도, 김녕성세기해수욕장, 김녕해변, 김녕해수욕장, 바다, 바닷가, 물놀이, 텐트, 파라솔, 7월 추천여행지, 사진기자단, 프레임코리아2기",http://tong.visitkorea.or.kr/cms2/website/37/3364137.jpg,제주특별자치도 제주시 구좌읍,,3364137,17,20240910162903,20240910164248,이정수
김녕성세기해변,"김녕성세기해변, 제주특별자치도 제주시, 제주도, 김녕성세기해수욕장, 김녕해변, 김녕해수욕장, 바다, 바닷가, 물놀이, 파라솔, 풍력발전기, 7월 추천여행지, 사진기자단, 프레임코리아2기",http://tong.visitkorea.or.kr/cms2/website/49/3364149.jpg,제주특별자치도 제주시 구좌읍,,3364149,17,20240910163513,20240910164236,이정수
김녕성세기해변,"김녕성세기해변, 제주특별자치도 제주시, 제주도, 김녕성세기해수욕장, 김녕해변, 김녕해수욕장, 바다, 바닷가, 물놀이, 풍력발전기, 7월 추천여행지, 사진기자단, 프레임코리아2기",http://tong.visitkorea.or.kr/cms2/website/50/3364150.jpg,제주특별자치도 제주시 구좌읍,,3364150,17,20240910163559,20240910164222,이정수
김녕성세기해변,"김녕성세기해변, 제주특별자치도 제주시, 제주도, 김녕성세기해수욕장, 김녕해변, 김녕해수욕장, 바다, 바닷가, 물놀이, 파라솔, 풍력발전기, 7월 추천여행지, 사진기자단, 프레임코리아2기",http://tong.visitkorea.or.kr/cms2/website/54/3364154.jpg,제주특별자치도 제주시 구좌읍,,3364154,17,20240910163815,20240910164205,이정수
김녕성세기해변,"김녕성세기해변, 제주특별자치도 제주시, 제주도, 김녕성세기해수욕장, 김녕해변, 김녕해수욕장, 바다, 바닷가, 물놀이, 파라솔, 풍력발전기, 7월 추천여행지, 사진기자단, 프레임코리아2기",http://tong.visitkorea.or.kr/cms2/website/55/3364155.jpg,제주특별자치도 제주시 구좌읍,,3364155,17,20240910163843,20240910164153,이정수
세기알해변,"세기알해변, 제주특별자치도 제주시, 제주도, 세기알해수욕장, 바다, 물놀이, 7월 추천여행지, 사진기자단, 프레임코리아2기",http://tong.visitkorea.or.kr/cms2/website/61/3364161.jpg,제주특별자치도 제주시 구좌읍,,3364161,17,20240910164106,20240910164121,이정수
김녕성세기해변,"김녕성세기해변, 제주특별자치도 제주시, 제주도, 김녕성세기해수욕장, 김녕해변, 김녕해수욕장, 바다, 물놀이, 7월 추천여행지, 사진기자단, 프레임코리아2기",http://tong.visitkorea.or.kr/cms2/website/68/3364068.jpg,제주특별자치도 제주시 구좌읍,,3364068,17,20240910161252,20240910161424,이정수
김녕성세기해변,"김녕성세기해변, 제주특별자치도 제주시, 제주도, 김녕성세기해수욕장, 김녕해변, 김녕해수욕장, 바다, 물놀이, 풍력발전기, 7월 추천여행지, 사진기자단, 프레임코리아2기",http://tong.visitkorea.or.kr/cms2/website/67/3364067.jpg,제주특별자치도 제주시 구좌읍,,3364067,17,20240910160846,20240910161405,이정수
흥겨운농악놀이,"2022 대한민국 관광공모전(스마트폰), 흥겨운 농악놀이, 전라북도 남원시, 명승 제33호, 광한루원, 정원, 오작교, 사물놀이, 풍물놀이",http://tong.visitkorea.or.kr/cms2/website/03/2925703.jpg,전라북도 남원시 천거동,,2925703,17,20221130150259,20230102102725,노명희
한국민속촌,"한국민속촌 야경, 경기도 용인시, 전통문화 테마파크, 민속전시장, 사물놀이, 풍물놀이, 농악, 공연",http://tong.visitkorea.or.kr/cms2/website/36/2705336.jpg,경기도 용인시 기흥구,,2705336,17,20210203162941,20210203163029,라이브스튜디오
한국민속촌,"한국민속촌 야경, 경기도 용인시, 전통문화 테마파크, 민속전시장, 사물놀이, 풍물놀이, 농악, 공연",http://tong.visitkorea.or.kr/cms2/website/35/2705335.jpg,경기도 용인시 기흥구,,2705335,17,20210203162915,20210203162929,라이브스튜디오
한국민속촌,"한국민속촌 야경, 경기도 용인시, 전통문화 테마파크, 민속전시장, 사물놀이, 풍물놀이, 농악, 공연",http://tong.visitkorea.or.kr/cms2/website/34/2705334.jpg,경기도 용인시 기흥구,,2705334,17,20210203162723,20210203162903,라이브스튜디오
동호해수욕장,"동호해수욕장, 강원도 양양군, 동호해변, 바닷가, 동해바다, 해변, 여름, 물놀이",http://tong.visitkorea.or.kr/cms2/website/17/2562617.jpg,강원도 양양군 손양면,,2562617,17,20181012105723,20181012105736,한국관광공사 김지호
동호해수욕장,"동호해수욕장, 강원도 양양군, 동호해변, 바닷가, 동해바다, 해변, 여름, 물놀이",http://tong.visitkorea.or.kr/cms2/website/16/2562616.jpg,강원도 양양군 손양면,,2562616,17,20181012105619,20181012105709,한국관광공사 김지호
낙산해수욕장,"낙산해수욕장, 강원도 양양군, 낙산해변, 바닷가, 동해바다, 해변, 여름, 물놀이",http://tong.visitkorea.or.kr/cms2/website/15/2562615.jpg,강원도 양양군 강현면,,2562615,17,20181012105551,20181012105605,한국관광공사 김지호
낙산해수욕장,"낙산해수욕장, 강원도 양양군, 낙산해변, 바닷가, 동해바다, 해변, 여름, 물놀이",http://tong.visitkorea.or.kr/cms2/website/14/2562614.jpg,강원도 양양군 강현면,,2562614,17,20181012105529,20181012105542,한국관광공사 김지호
낙산해수욕장,"낙산해수욕장, 강원도 양양군, 낙산해변, 바닷가, 동해바다, 해변, 여름, 물놀이",http://tong.visitkorea.or.kr/cms2/website/13/2562613.jpg,강원도 양양군 강현면,,2562613,17,20181012105505,20181012105516,한국관광공사 김지호
낙산해수욕장,"낙산해수욕장, 강원도 양양군, 낙산해변, 바닷가, 동해바다, 해변, 여름, 물놀이",http://tong.visitkorea.or.kr/cms2/website/12/2562612.jpg,강원도 양양군 강현면,,2562612,17,20181012105336,20181012105449,한국관광공사 김지호
2018 정남진장흥물축제,"2018 정남진장흥물축제, 전라남도 장흥군, 탐진강, 여름, 물놀이",http://tong.visitkorea.or.kr/cms2/website/13/2561113.jpg,전라남도 장흥군 장흥읍,,2561113,17,20180920162313,20180920162324,한국관광공사 김지호
2018 정남진장흥물축제,"2018 정남진장흥물축제, 전라남도 장흥군, 탐진강, 여름, 물놀이",http://tong.visitkorea.or.kr/cms2/website/11/2561111.jpg,전라남도 장흥군 장흥읍,,2561111,17,20180920162233,20180920162253,한국관광공사 김지호
2018 정남진장흥물축제,"2018 정남진장흥물축제, 전라남도 장흥군, 탐진강, 여름, 물놀이",http://tong.visitkorea.or.kr/cms2/website/08/2561108.jpg,전라남도 장흥군 장흥읍,,2561108,17,20180920162120,20180920162137,한국관광공사 김지호
2018 정남진장흥물축제,"2018 정남진장흥물축제, 전라남도 장흥군, 탐진강, 여름, 물놀이",http://tong.visitkorea.or.kr/cms2/website/00/2561100.jpg,전라남도 장흥군 장흥읍,,2561100,17,20180920161911,20180920161928,한국관광공사 김지호
2018 정남진장흥물축제,"2018 정남진장흥물축제, 전라남도 장흥군, 탐진강, 여름, 물놀이, 카누",http://tong.visitkorea.or.kr/cms2/website/98/2561098.jpg,전라남도 장흥군 장흥읍,,2561098,17,20180920161711,20180920161728,한국관광공사 김지호
2018 정남진장흥물축제,"2018 정남진장흥물축제, 전라남도 장흥군, 탐진강, 여름, 물놀이, 바나나보트",http://tong.visitkorea.or.kr/cms2/website/85/2561085.jpg,전라남도 장흥군 장흥읍,,2561085,17,20180920160929,20180920161000,한국관광공사 김지호
2018 정남진장흥물축제,"2018 정남진장흥물축제, 전라남도 장흥군, 탐진강, 여름, 물놀이, 카누",http://tong.visitkorea.or.kr/cms2/website/84/2561084.jpg,전라남도 장흥군 장흥읍,,2561084,17,20180920160323,20180920160336,한국관광공사 김지호
2018 정남진장흥물축제,"2018 정남진장흥물축제, 전라남도 장흥군, 탐진강, 여름, 물놀이, 카누",http://tong.visitkorea.or.kr/cms2/website/83/2561083.jpg,전라남도 장흥군 장흥읍,,2561083,17,20180920155815,20180920155832,한국관광공사 김지호
2018 정남진장흥물축제,"2018 정남진장흥물축제, 전라남도 장흥군, 탐진강, 여름, 물놀이",http://tong.visitkorea.or.kr/cms2/website/82/2561082.jpg,전라남도 장흥군 장흥읍,,2561082,17,20180920155605,20180920155624,한국관광공사 김지호
2018 정남진장흥물축제,"2018 정남진장흥물축제, 전라남도 장흥군, 탐진강, 여름, 물놀이",http://tong.visitkorea.or.kr/cms2/website/76/2561076.jpg,전라남도 장흥군 장흥읍,,2561076,17,20180920155127,20180920155225,한국관광공사 김지호
2018 정남진장흥물축제,"2018 정남진장흥물축제, 전라남도 장흥군, 탐진강, 여름, 물놀이, 카누",http://tong.visitkorea.or.kr/cms2/website/72/2561072.jpg,전라남도 장흥군 장흥읍,,2561072,17,20180920154744,20180920154803,한국관광공사 김지호
2018 정남진장흥물축제,"2018 정남진장흥물축제, 전라남도 장흥군, 탐진강, 여름, 물놀이",http://tong.visitkorea.or.kr/cms2/website/67/2561067.jpg,전라남도 장흥군 장흥읍,,2561067,17,20180920153411,20180920154214,한국관광공사 김지호
2018 정남진장흥물축제,"2018 정남진장흥물축제, 전라남도 장흥군, 탐진강, 여름, 물놀이, 카누",http://tong.visitkorea.or.kr/cms2/website/51/2561051.jpg,전라남도 장흥군 장흥읍,,2561051,17,20180920152749,20180920152806,한국관광공사 김지호
2018 정남진장흥물축제,"2018 정남진장흥물축제, 전라남도 장흥군, 탐진강, 여름, 물놀이, 카누",http://tong.visitkorea.or.kr/cms2/website/50/2561050.jpg,전라남도 장흥군 장흥읍,,2561050,17,20180920152202,20180920152716,한국관광공사 김지호
해운대해수욕장,"해운대해수욕장, 부산광역시 해운대구, 2018 상반기 기획사진, 해운대해변, 바다, 백사장, 부산전경, 해운대 마천루, 해운대 마린시티, 여름, 물놀이, 파라솔, 드론촬영, 드론사진, 항공촬영",http://tong.visitkorea.or.kr/cms2/website/76/2570376.jpg,부산광역시 해운대구 우동,,2570376,17,20181128002130,20240517155105,라이브스튜디오
해운대해수욕장,"해운대해수욕장, 부산광역시 해운대구, 2018 상반기 기획사진, 해운대해변, 바다, 백사장, 부산전경, 해운대 마천루, 해운대 마린시티, 여름, 물놀이, 파라솔, 드론촬영, 드론사진, 항공촬영",http://tong.visitkorea.or.kr/cms2/website/77/2570377.jpg,부산광역시 해운대구 우동,,2570377,17,20181128002234,20240517155044,라이브스튜디오
풍물놀이,"2018 제46회 대한민국 관광사진 공모전, 금상, 풍물놀이, 전라남도 목포시, 농악, 시민문화체육센터",http://tong.visitkorea.or.kr/cms2/website/38/2563738.jpg,전라남도 목포시 옥암동,,2563738,17,20181023001036,20240701164024,오정연
흥,"2018 제46회 대한민국 관광사진 공모전, 입선, 흥, 경상북도 경산시, 경산 자인단오제, 자인면 계정숲, 풍물놀이, 사물놀이",http://tong.visitkorea.or.kr/cms2/website/61/2563761.jpg,경상북도 경산시 자인면,,2563761,17,20181023004058,20240607154528,김재현
무릉계곡,"무릉계곡, 강원도 동해시, 명승 제37호, 골짜기, 물놀이",http://tong.visitkorea.or.kr/cms2/website/91/2541491.jpg,강원도 동해시 삼화동,,2541491,17,20180403102906,20180425172145,IR 스튜디오
무릉계곡,"무릉계곡, 강원도 동해시, 명승 제37호, 골짜기, 물놀이",http://tong.visitkorea.or.kr/cms2/website/80/2541480.jpg,강원도 동해시 삼화동,,2541480,17,20180403101712,20180425172018,IR 스튜디오
맥(脈),"2017 제45회 대한민국 관광사진 공모전, 입선, 맥(脈), 전라북도 임실군, 필봉마을 굿 축제, 농악축제, 풍물굿, 풍물놀이",http://tong.visitkorea.or.kr/cms2/website/58/2504258.jpg,전라북도 임실군 강진면,,2504258,17,20170825034529,20240607142928,임선미
함양 용추계곡,"함양 용추계곡, 여름, 물놀이, 계곡, 연암 물레방아공원",http://tong.visitkorea.or.kr/cms2/website/09/1853209.jpg,경상남도 함양군,,1853209,17,20131024095149,20170713163244,한국관광공사 박은경
만리포해수욕장,"만리포해수욕장, 해변, 물놀이, 여름",http://tong.visitkorea.or.kr/cms2/website/29/1701429.jpg,충청남도 태안,,1701429,17,20120827133515,20150703140527,한국관광공사 김지호
만리포해수욕장,"만리포해수욕장, 해변, 물놀이, 여름",http://tong.visitkorea.or.kr/cms2/website/48/1701448.jpg,충청남도 태안,,1701448,17,20120827134110,20150703140304,한국관광공사 김지호
만리포해수욕장,"만리포해수욕장, 해변, 물놀이, 여름",http://tong.visitkorea.or.kr/cms2/website/57/1701457.jpg,충청남도 태안,,1701457,17,20120827134702,20150703140252,한국관광공사 김지호
만리포해수욕장,"만리포해수욕장, 해변, 물놀이, 여름",http://tong.visitkorea.or.kr/cms2/website/97/1701397.jpg,충청남도 태안,,1701397,17,20120827132447,20150703135942,한국관광공사 김지호
만리포해수욕장,"만리포해수욕장, 해변, 물놀이, 여름",http://tong.visitkorea.or.kr/cms2/website/50/1701350.jpg,충청남도 태안,,1701350,17,20120827112323,20150703135726,한국관광공사 김지호
만리포해수욕장,"만리포해수욕장, 해변, 물놀이, 여름",http://tong.visitkorea.or.kr/cms2/website/64/1701364.jpg,충청남도 태안,,1701364,17,20120827112612,20150703135656,한국관광공사 김지호
만리포해수욕장,"만리포해수욕장, 해변, 물놀이, 여름",http://tong.visitkorea.or.kr/cms2/website/13/1701213.jpg,충청남도 태안,,1701213,17,20120827103939,20150703135604,한국관광공사 김지호
만리포해수욕장,"만리포해수욕장, 해변, 물놀이, 여름",http://tong.visitkorea.or.kr/cms2/website/10/1701210.jpg,충청남도 태안,,1701210,17,20120827103617,20150703135531,한국관광공사 김지호
만리포해수욕장,"만리포해수욕장, 해변, 물놀이, 여름",http://tong.visitkorea.or.kr/cms2/website/17/1701217.jpg,충청남도 태안,,1701217,17,20120827104226,20150703135357,한국관광공사 김지호
신두리해수욕장,"신두리해수욕장, 신두리해변, 물놀이, 여름",http://tong.visitkorea.or.kr/cms2/website/22/1700322.jpg,충청남도 태안,,1700322,17,20120823140935,20150703135257,한국관광공사 김지호
신두리해수욕장,"신두리해수욕장, 신두리해변, 물놀이, 여름",http://tong.visitkorea.or.kr/cms2/website/12/1700312.jpg,충청남도 태안,,1700312,17,20120823140736,20150703135246,한국관광공사 김지호
신두리해수욕장,"신두리해수욕장, 신두리해변, 물놀이, 여름",http://tong.visitkorea.or.kr/cms2/website/10/1700310.jpg,충청남도 태안,,1700310,17,20120823140602,20150703135229,한국관광공사 김지호
신두리해수욕장,"신두리해수욕장, 신두리해변, 물놀이, 여름",http://tong.visitkorea.or.kr/cms2/website/06/1700306.jpg,충청남도 태안,,1700306,17,20120823140421,20150703135214,한국관광공사 김지호
신두리해수욕장,"신두리해수욕장, 신두리해변, 물놀이, 여름",http://tong.visitkorea.or.kr/cms2/website/04/1700304.jpg,충청남도 태안,,1700304,17,20120823140304,20150703135200,한국관광공사 김지호
신두리해수욕장,"신두리해수욕장, 신두리해변, 물놀이, 여름",http://tong.visitkorea.or.kr/cms2/website/24/1700324.jpg,충청남도 태안,,1700324,17,20120823141104,20150703113417,한국관광공사 김지호
