filename,tag,title,conid,img_id
3006242_3000405.jpg,unknown,unknown,3006242,3000405
3006242_3000409.jpg,unknown,unknown,3006242,3000409
3006242_3000414.jpg,unknown,unknown,3006242,3000414
3006242_3000415.jpg,unknown,unknown,3006242,3000415
3006242_3000419.jpg,unknown,unknown,3006242,3000419
101_10.jpg,더베이,unknown,101,10
101_11.jpg,더베이,unknown,101,11
101_12.jpg,더베이,unknown,101,12
101_13.jpg,더베이,unknown,101,13
101_14.jpg,더베이,unknown,101,14
101_15.jpg,더베이,unknown,101,15
101_16.jpg,더베이,unknown,101,16
101_17.jpg,더베이,unknown,101,17
101_18.jpg,더베이,unknown,101,18
101_19.jpg,더베이,unknown,101,19
101_20.jpg,더베이,unknown,101,20
101_21.jpg,더베이,unknown,101,21
101_22.jpg,더베이,unknown,101,22
101_23.jpg,더베이,unknown,101,23
101_24.jpg,더베이,unknown,101,24
101_25.jpg,더베이,unknown,101,25
101_26.jpg,더베이,unknown,101,26
101_27.jpg,더베이,unknown,101,27
101_28.jpg,더베이,unknown,101,28
101_29.jpg,더베이,unknown,101,29
101_30.jpg,더베이,unknown,101,30
101_31.jpg,더베이,unknown,101,31
101_32.jpg,더베이,unknown,101,32
101_33.jpg,더베이,unknown,101,33
101_34.jpg,더베이,unknown,101,34
101_7.jpg,더베이,unknown,101,7
101_8.jpg,더베이,unknown,101,8
101_9.jpg,더베이,unknown,101,9
