검색키워드,콘텐츠제목,지역코드,시군구코드,주소,대표이미지(원본),대표이미지(썸네일),교과서속여행지,상세주소,대분류,중분류,소분류,콘텐츠ID,콘텐츠타입ID,저작권유형,GPSX좌표,GPSY좌표 ,MAP레벨,등록일,수정일,전화번호
,2025 동행축제와 함께하는 대한민국 상생 영수증 콘서트 in 세종,8,1,세종특별자치시 중앙공원로 60 (세종동),http://tong.visitkorea.or.kr/cms/resource/93/3486893_image2_1.png,http://tong.visitkorea.or.kr/cms/resource/93/3486893_image3_1.png,,,A02,A0208,A02081000,3486898,15,Type3,127.2701689309,36.4913335625,6,20250415155413,20250416102450,070-4103-4711
,예천활축제,35,16,경상북도 예천군 예천읍 남본리,http://tong.visitkorea.or.kr/cms/resource/19/3113119_image2_1.jpg,http://tong.visitkorea.or.kr/cms/resource/19/3113119_image3_1.jpg,,310-1 한천체육공원,A02,A0207,A02070200,1937428,15,Type3,128.4524337395,36.6530143464,6,20140728191454,20250415144722,054-650-6037
,센텀맥주축제,6,16,부산광역시 해운대구 수영강변대로 120 (우동),http://tong.visitkorea.or.kr/cms/resource/93/3300693_image2_1.jpg,http://tong.visitkorea.or.kr/cms/resource/93/3300693_image3_1.jpg,,"부산광역시 해운대구 우동, 영화의전당",A02,A0207,A02070200,1816618,15,Type3,129.1270687971,35.1710029572,6,20130605181015,20250415144053,051-850-9344<br>051-740-4116
,울산쇠부리축제,7,4,울산광역시 북구 달천철장길 58 (달천동),http://tong.visitkorea.or.kr/cms/resource/11/3483111_image2_1.jpg,http://tong.visitkorea.or.kr/cms/resource/11/3483111_image3_1.jpg,,,A02,A0207,A02070200,538458,15,Type3,129.3290188345,35.6342825006,6,20080417221240,20250415143051,052-293-3500
,우도 소라축제,39,4,제주특별자치도 제주시 우도면 우도해안길 70,http://tong.visitkorea.or.kr/cms/resource/81/3486881_image2_1.jpg,http://tong.visitkorea.or.kr/cms/resource/81/3486881_image3_1.jpg,,,A02,A0207,A02070200,3108284,15,Type3,126.9515555965,33.4928352215,6,20240307175700,20250415140553,064-728-4329
,DDP 봄축제 : 디자인 테마파크,1,24,서울특별시 중구 을지로 281,http://tong.visitkorea.or.kr/cms/resource/00/3304500_image2_1.jpg,http://tong.visitkorea.or.kr/cms/resource/00/3304500_image3_1.jpg,,,A02,A0207,A02070200,2968672,15,Type3,127.0095709797,37.5661076320,6,20230413140011,20250415134726,02-2088-4957
,서울세계도시문화축제,1,24,서울특별시 중구 을지로 281 (을지로7가),http://tong.visitkorea.or.kr/cms/resource/26/3114826_image2_1.jpg,http://tong.visitkorea.or.kr/cms/resource/26/3114826_image3_1.jpg,,동대문디자인플라자,A02,A0207,A02070200,2738786,15,Type3,127.0095709797,37.5661076320,6,20210901224706,20250415103645,070-5143-5662
,담양 대나무축제,38,7,전라남도 담양군 담양읍 죽녹원로 134,http://tong.visitkorea.or.kr/cms/resource/02/3486702_image2_1.jpg,http://tong.visitkorea.or.kr/cms/resource/02/3486702_image3_1.jpg,,,A02,A0207,A02070100,506480,15,Type3,126.9880941182,35.3256086468,6,20080307180542,20250415101256,061-380-3152
,제17회 해피사이언스축제,31,3,경기도 과천시 상하벌로 110 (과천동),http://tong.visitkorea.or.kr/cms/resource/68/3486768_image2_1.png,http://tong.visitkorea.or.kr/cms/resource/68/3486768_image3_1.png,,,A02,A0208,A02080600,2816127,15,Type3,127.0047138503,37.4408665329,6,20220413164529,20250415094008,010-5535-6941
,울산축협 한우축제,7,2,울산광역시 남구 신정동,http://tong.visitkorea.or.kr/cms/resource/52/3486752_image2_1.jpg,http://tong.visitkorea.or.kr/cms/resource/52/3486752_image3_1.jpg,,1513 울산광역시 태화강 남구둔치,A02,A0207,A02070200,3394865,15,Type3,129.3076647311,35.5504859689,6,20241022141242,20250415091320,052-220-0613
,보롬왓 메밀축제,39,3,제주특별자치도 서귀포시 표선면 번영로 2350-104,http://tong.visitkorea.or.kr/cms/resource/40/3486740_image2_1.jpg,http://tong.visitkorea.or.kr/cms/resource/40/3486740_image3_1.jpg,,보롬왓,A02,A0207,A02070200,2798913,15,Type3,126.7525080052,33.4135241052,6,20211215225118,20250414174134,010-7362-2345
,보롬왓 대파축제,39,3,제주특별자치도 서귀포시 표선면 번영로 2350-104,http://tong.visitkorea.or.kr/cms/resource/35/3486735_image2_1.jpg,http://tong.visitkorea.or.kr/cms/resource/35/3486735_image3_1.jpg,,보롬왓,A02,A0207,A02070200,3486736,15,Type3,126.7525080052,33.4135241052,6,20250414172134,20250414172516,010-7362-2345
,영광찰보리 축제,38,16,전라남도 영광군 군남면 포천리 112-5,http://tong.visitkorea.or.kr/cms/resource/95/3486695_image2_1.JPG,http://tong.visitkorea.or.kr/cms/resource/95/3486695_image3_1.JPG,,,A02,A0207,A02070200,1805013,15,Type3,126.4545850112,35.2488333646,6,20130416234000,20250414154138,061-350-5951
,에덴벚꽃길 벚꽃축제,31,1,경기도 가평군 청평면 에덴벚꽃길 139,http://tong.visitkorea.or.kr/cms/resource/89/3483089_image2_1.jpg,http://tong.visitkorea.or.kr/cms/resource/89/3483089_image3_1.jpg,,경기도 가평군 청평면 에덴벚꽃길 일원,A02,A0207,A02070200,2484272,15,Type3,127.4770526297,37.7855989511,6,20170308232844,20250414151453,031-585-0025
,강진 전라병영성축제,38,1,전라남도 강진군 대구면 청자촌길 33,http://tong.visitkorea.or.kr/cms/resource/64/3486664_image2_1.jpg,http://tong.visitkorea.or.kr/cms/resource/64/3486664_image3_1.jpg,,전라병영성 일원,A02,A0207,A02070200,3486674,15,Type3,126.8009780747,34.5078809074,6,20250414134036,20250414134229,061-430-3352
,삼척 장미축제,32,4,강원특별자치도 삼척시 정상동,http://tong.visitkorea.or.kr/cms/resource/27/2493927_image2_1.JPG,http://tong.visitkorea.or.kr/cms/resource/27/2493927_image2_1.JPG,,232번지 삼척시 장미공원 일원,A02,A0207,A02070200,2493939,15,Type3,129.1767013966,37.4337163979,6,20170526234434,20250414093824,033-576-0792
,지리산 마천골 흑돼지&산나물 축제,36,20,경상남도 함양군 마천면 가흥리,http://tong.visitkorea.or.kr/cms/resource/93/3486593_image2_1.png,http://tong.visitkorea.or.kr/cms/resource/93/3486593_image3_1.png,,540-1 마천생활체육공원,A02,A0207,A02070200,3486598,15,Type3,127.6653879713,35.3974316839,6,20250411162910,20250411163057,055-960-8530
,영암왕인문화축제,38,17,전라남도 영암군 군서면 왕인로 440,http://tong.visitkorea.or.kr/cms/resource/00/3480300_image2_1.jpg,http://tong.visitkorea.or.kr/cms/resource/00/3480300_image3_1.jpg,,,A02,A0207,A02070100,525445,15,Type3,126.6282150035,34.7576444552,6,20080325232400,20250411162934,061-470-2346
,휴애리 봄 수국축제,39,3,제주특별자치도 서귀포시 남원읍 신례동로 256,http://tong.visitkorea.or.kr/cms/resource/03/2953003_image2_1.jpg,http://tong.visitkorea.or.kr/cms/resource/03/2953003_image3_1.jpg,,,A02,A0207,A02070200,2809910,15,Type3,126.6336401426,33.3083171551,6,20220310103220,20250411111458,064-732-2114
,무안 황토 갯벌축제,38,9,전라남도 무안군 해제면 황토갯벌길 88,http://tong.visitkorea.or.kr/cms/resource/37/3301237_image2_1.jpg,http://tong.visitkorea.or.kr/cms/resource/37/3301237_image3_1.jpg,,무안황토갯벌랜드 일원,A02,A0207,A02070200,1953493,15,Type3,126.3336521164,35.1022396210,6,20141002222257,20250411094126,061-450-5474
,고창청농원 라벤더 축제,37,1,전북특별자치도 고창군 공음면 청천길 41-27,http://tong.visitkorea.or.kr/cms/resource/49/3484049_image2_1.jpg,http://tong.visitkorea.or.kr/cms/resource/49/3484049_image3_1.jpg,,고창청농원,A02,A0207,A02070200,2719229,15,Type3,126.5351164345,35.3734178114,6,20210602201056,20250410174944,010-6383-5294<br>010-8801-7722
,부여세도 방울토마토 & 유채꽃축제,34,6,충청남도 부여군 세도면 가회리,http://tong.visitkorea.or.kr/cms/resource/43/3114043_image2_1.jpg,http://tong.visitkorea.or.kr/cms/resource/43/3114043_image3_1.jpg,,573번지,A02,A0207,A02070200,2758734,15,Type3,126.9983995397,36.1538590878,6,20211019023158,20250410172411,041-830-6723
,대전한우숯불구이축제,3,4,대전광역시 유성구 월드컵대로 32 (노은동),http://tong.visitkorea.or.kr/cms/resource/13/3484613_image2_1.jpg,http://tong.visitkorea.or.kr/cms/resource/13/3484613_image3_1.jpg,,대전월드컵경기장 보조경기장 P2주차장,A02,A0207,A02070200,2867330,15,Type3,127.3266089995,36.3638797168,6,20221014132843,20250410171410,1899-9501<br>010-2111-7215
,함평나비대축제,38,22,전라남도 함평군 함평읍 곤재로 27,http://tong.visitkorea.or.kr/cms/resource/11/3460511_image2_1.JPG,http://tong.visitkorea.or.kr/cms/resource/11/3460511_image3_1.JPG,,,A02,A0207,A02070100,507598,15,Type3,126.5222114574,35.0592031554,6,20080310203502,20250410165949,061-320-2247
,홍성 역사인물축제,34,15,충청남도 홍성군 홍성읍 아문길 27,http://tong.visitkorea.or.kr/cms/resource/63/3428463_image2_1.jpg,http://tong.visitkorea.or.kr/cms/resource/63/3428463_image3_1.jpg,,,A02,A0207,A02070200,769305,15,Type3,126.6607707762,36.6013102581,6,20090723015654,20250410160900,041-634-8706
,대전시민천문대 별축제,3,4,대전광역시 유성구 대덕대로 480 (도룡동),http://tong.visitkorea.or.kr/cms/resource/11/3486411_image2_1.jpg,http://tong.visitkorea.or.kr/cms/resource/11/3486411_image3_1.jpg,,대전엑스포과학공원 한빛탑광장,A02,A0207,A02070200,3114341,15,Type3,127.3802705364,36.3759931713,6,20240419172015,20250410155129,042-863-8763
,구리 유채꽃 축제,31,6,경기도 구리시 코스모스길14번길 249 (토평동),http://tong.visitkorea.or.kr/cms/resource/00/3114300_image2_1.JPG,http://tong.visitkorea.or.kr/cms/resource/00/3114300_image3_1.JPG,,구리한강시민공원,A02,A0207,A02070200,526160,15,Type3,127.1328789538,37.5745310968,6,20080327021652,20250410145647,031-550-2065
,해남 공룡대축제,38,23,전라남도 해남군 공룡박물관길 234 우항리공룡화석유적지,http://tong.visitkorea.or.kr/cms/resource/13/3113513_image2_1.jpg,http://tong.visitkorea.or.kr/cms/resource/13/3113513_image3_1.jpg,,해남 공룡박물관,A02,A0207,A02070200,2962973,15,Type3,126.4339305835,34.5908655647,6,20230411181757,20250410144828,061-530-5157~5159
,제11회 계촌클래식축제,32,15,강원특별자치도 평창군 방림면 계촌리,http://tong.visitkorea.or.kr/cms/resource/50/3485550_image2_1.jpg,http://tong.visitkorea.or.kr/cms/resource/50/3485550_image3_1.jpg,,1520-6,A02,A0208,A02081300,2394665,15,Type3,128.3034237089,37.4521530269,6,20160725192944,20250409160557,010-2814-1055
,청춘양구 곰취축제,32,6,강원특별자치도 양구군 양구읍 상리,http://tong.visitkorea.or.kr/cms/resource/71/3486271_image2_1.jpg,http://tong.visitkorea.or.kr/cms/resource/71/3486271_image3_1.jpg,,394-21 양구 레포츠공원 일원,A02,A0207,A02070200,727285,15,Type3,127.9831137094,38.1039685613,6,20090424000506,20250409155943,033-482-9172
,가파도청보리축제,39,3,제주특별자치도 서귀포시 대정읍,http://tong.visitkorea.or.kr/cms/resource/21/3484921_image2_1.JPG,http://tong.visitkorea.or.kr/cms/resource/21/3484921_image3_1.JPG,,가파로 67번길 가파도 일원,A02,A0207,A02070200,712175,15,Type3,126.2717384970,33.1701766897,6,20090327014207,20250409152511,064-764-7130
,창녕낙동강유채축제,36,15,경상남도 창녕군 남지읍 남지강변길 177,http://tong.visitkorea.or.kr/cms/resource/83/3483583_image2_1.jpg,http://tong.visitkorea.or.kr/cms/resource/83/3483583_image3_1.jpg,,,A02,A0207,A02070200,1252849,15,Type3,128.4712035543,35.3853724249,6,20110408221611,20250409152004,055-530-1521
,대한민국 과학기술축제,3,3,대전광역시 서구 둔산대로 169 (만년동),http://tong.visitkorea.or.kr/cms/resource/28/3482328_image2_1.JPG,http://tong.visitkorea.or.kr/cms/resource/28/3482328_image3_1.JPG,,,A02,A0207,A02070200,2952027,15,Type3,127.3879840082,36.3659250159,6,20230310152156,20250409112518,02-333-4723
,2025 국제 팝페라&재즈 축제,1,18,서울특별시 송파구 송파나루길 206 (신천동),http://tong.visitkorea.or.kr/cms/resource/64/3485964_image2_1.jpg,http://tong.visitkorea.or.kr/cms/resource/64/3485964_image3_1.jpg,,,A02,A0208,A02081300,3485965,15,Type3,127.1042611168,37.5119517366,6,20250407170946,20250409111529,010-9986-9985
,서천 자연산 광어 도미 축제,34,8,충청남도 서천군 서면 서인로 58,http://tong.visitkorea.or.kr/cms/resource/48/3486248_image2_1.jpg,http://tong.visitkorea.or.kr/cms/resource/48/3486248_image3_1.jpg,,마량진항,A02,A0207,A02070200,1241762,15,Type3,126.5036833852,36.1297866703,6,20110325024405,20250409111053,041-951-9123
,포항국제불빛축제,35,23,경상북도 포항시 남구 해도동,http://tong.visitkorea.or.kr/cms/resource/88/3484788_image2_1.jpg,http://tong.visitkorea.or.kr/cms/resource/88/3484788_image3_1.jpg,,115-1,A02,A0207,A02070100,588175,15,Type3,129.3745066592,36.0177762143,6,20080717222813,20250409103807,054-289-7852~5
,한내천 봄꽃축제,31,4,경기도 광명시 소하동,http://tong.visitkorea.or.kr/cms/resource/25/3486225_image2_1.jpg,http://tong.visitkorea.or.kr/cms/resource/25/3486225_image3_1.jpg,,소하로27번길,A02,A0207,A02070200,3484040,15,Type3,126.8862577714,37.4477275092,6,20250327112831,20250409103738,02-2621-8864
,곡성세계장미축제,38,3,전라남도 곡성군 오곡면 기차마을로 232,http://tong.visitkorea.or.kr/cms/resource/70/3484870_image2_1.JPG,http://tong.visitkorea.or.kr/cms/resource/70/3484870_image3_1.JPG,,,A02,A0207,A02070100,1624017,15,Type3,127.3080309475,35.2774167990,6,20120507232655,20250409095612,061-360-8471
,보롬왓 튤립축제,39,3,제주특별자치도 서귀포시 표선면 번영로 2350-104,http://tong.visitkorea.or.kr/cms/resource/09/3480209_image2_1.jpg,http://tong.visitkorea.or.kr/cms/resource/09/3480209_image3_1.jpg,,보롬왓,A02,A0207,A02070200,3480215,15,Type3,126.7525080052,33.4135241052,6,20250305093449,20250409095419,010-7362-2345
,하동야생차문화축제,36,18,경상남도 하동군 쌍계로 571-25,http://tong.visitkorea.or.kr/cms/resource/30/3486030_image2_1.png,http://tong.visitkorea.or.kr/cms/resource/30/3486030_image3_1.png,,일원,A02,A0207,A02070100,507383,15,Type3,127.6425916883,35.2252590446,6,20080310184743,20250408160320,055-880-6583
,울산대공원 장미축제,7,2,울산광역시 남구 남부순환도로 377,http://tong.visitkorea.or.kr/cms/resource/29/3485129_image2_1.jpg,http://tong.visitkorea.or.kr/cms/resource/29/3485129_image3_1.jpg,,(옥동),A02,A0207,A02070200,1253973,15,Type3,129.2838230009,35.5279769403,6,20110411203136,20250408150248,052-716-5007
,피나클랜드 불꽃축제,34,9,충청남도 아산시 영인면 월선길 20-42,http://tong.visitkorea.or.kr/cms/resource/99/3358699_image2_1.jpg,http://tong.visitkorea.or.kr/cms/resource/99/3358699_image3_1.jpg,,피나클랜드,A02,A0207,A02070200,2951257,15,Type3,126.9263422708,36.8725197718,6,20230306145458,20250408140753,041-541-2582
,광안리어방축제,6,12,부산광역시 수영구 광안해변로 219 (광안동),http://tong.visitkorea.or.kr/cms/resource/95/3485995_image2_1.jpg,http://tong.visitkorea.or.kr/cms/resource/95/3485995_image3_1.jpg,,,A02,A0207,A02070100,506545,15,Type3,129.1185477876,35.1538130576,6,20080307190212,20250408133745,051-610-4062
,영랑호 벚꽃축제,32,5,강원특별자치도 속초시 금호동,http://tong.visitkorea.or.kr/cms/resource/15/3486015_image2_1.jpg,http://tong.visitkorea.or.kr/cms/resource/15/3486015_image3_1.jpg,,610-22 영랑호 잔디광장,A02,A0207,A02070200,3486026,15,Type3,128.5758702891,38.2134338556,6,20250408094252,20250408095340,033-639-2545
,드림파크 벚꽃축제,2,7,인천광역시 서구 자원순환로 170 (백석동),http://tong.visitkorea.or.kr/cms/resource/44/3480144_image2_1.jpg,http://tong.visitkorea.or.kr/cms/resource/44/3480144_image3_1.jpg,,드림파크 야생화단지,A02,A0207,A02070200,3479800,15,Type3,126.6481259803,37.5731448144,6,20250226093227,20250408091937,032-560-9940
,부산수제맥주축제,6,7,부산광역시 부산진구 서면문화로 32 (부전동),http://tong.visitkorea.or.kr/cms/resource/23/3479023_image2_1.JPG,http://tong.visitkorea.or.kr/cms/resource/23/3479023_image3_1.JPG,,스콜,A02,A0207,A02070200,2600805,15,Type3,129.0562808127,35.1599834385,6,20190504021331,20250407163609,051-715-7115
,밀양아리랑대축제,36,7,경상남도 밀양시 삼문동,http://tong.visitkorea.or.kr/cms/resource/60/2490860_image2_1.JPG,http://tong.visitkorea.or.kr/cms/resource/60/2490860_image2_1.JPG,,1-1,A02,A0207,A02070100,715421,15,Type3,128.7571006565,35.4899047653,6,20090402192054,20250407162442,055-359-4500
,연천구석기축제,31,21,경기도 연천군 전곡읍 양연로 1510,http://tong.visitkorea.or.kr/cms/resource/24/3115324_image2_1.jpg,http://tong.visitkorea.or.kr/cms/resource/24/3115324_image3_1.jpg,,,A02,A0207,A02070100,534220,15,Type3,127.0611506837,38.0122815870,6,20080417001842,20250407150513,1588-7890
,대구약령시한방문화축제,4,8,대구광역시 중구 남성로,http://tong.visitkorea.or.kr/cms/resource/05/3485105_image2_1.jpg,http://tong.visitkorea.or.kr/cms/resource/05/3485105_image3_1.jpg,,,A02,A0207,A02070100,506516,15,Type3,128.5906381638,35.8676257211,6,20080307182407,20250407144820,053-254-1658
,춘천마임축제,32,13,강원특별자치도 춘천시 중도동,http://tong.visitkorea.or.kr/cms/resource/56/3483056_image2_1.jpg,http://tong.visitkorea.or.kr/cms/resource/56/3483056_image3_1.jpg,,357-39,A02,A0207,A02070100,506942,15,Type3,127.7001042023,37.8913435587,6,20080308022515,20250407143257,033-242-0585
,음성품바축제,33,6,충청북도 음성군 음성읍 설성공원길 28,http://tong.visitkorea.or.kr/cms/resource/85/3485785_image2_1.jpg,http://tong.visitkorea.or.kr/cms/resource/85/3485785_image3_1.jpg,,,A02,A0207,A02070100,141731,15,Type3,127.6910022374,36.9327654263,6,20070406090000,20250407141044,043-871-3415
,울산옹기축제,7,5,울산광역시 울주군 온양읍 외고산3길 36,http://tong.visitkorea.or.kr/cms/resource/32/3310532_image2_1.jpg,http://tong.visitkorea.or.kr/cms/resource/32/3310532_image3_1.jpg,,,A02,A0207,A02070100,506774,15,Type3,129.2795426459,35.4351011832,6,20080307232316,20250407135654,052-980-2233
,문경찻사발축제,35,7,경상북도 문경시 새재로 932,http://tong.visitkorea.or.kr/cms/resource/33/3479633_image2_1.jpg,http://tong.visitkorea.or.kr/cms/resource/33/3479633_image3_1.jpg,,,A02,A0207,A02070100,506295,15,Type3,128.0770113639,36.7616504930,6,20080307005139,20250407134308,054-571-7677
,유성온천문화축제,3,4,대전광역시 유성구 계룡로123번길 52 (봉명동),http://tong.visitkorea.or.kr/cms/resource/76/2641776_image2_1.jpg,http://tong.visitkorea.or.kr/cms/resource/76/2641776_image3_1.jpg,,"온천로, 계룡스파텔 잔디광장",A02,A0207,A02070200,1270240,15,Type3,127.3453047821,36.3552810320,6,20110504192516,20250407133619,042-611-2080
,보성다향대축제,38,10,전라남도 보성군 보성읍 녹차로 775,http://tong.visitkorea.or.kr/cms/resource/32/3485532_image2_1.jpg,http://tong.visitkorea.or.kr/cms/resource/32/3485532_image3_1.jpg,,,A02,A0207,A02070100,553299,15,Type3,127.0817371312,34.7198757111,6,20080424181329,20250407114106,061-850-5211~4
,피아노섬 축제,38,12,전라남도 신안군 자은면 자은서부2길 508-65,http://tong.visitkorea.or.kr/cms/resource/23/3485723_image2_1.jpg,http://tong.visitkorea.or.kr/cms/resource/23/3485723_image3_1.jpg,,,A02,A0207,A02070200,3113840,15,Type3,125.9959235736,34.8779816821,6,20240416171701,20250404133106,010-7755-8769
,유구 색동수국정원 꽃축제,34,1,충청남도 공주시 유구읍 창말길 44,http://tong.visitkorea.or.kr/cms/resource/42/2989942_image2_1.png,http://tong.visitkorea.or.kr/cms/resource/42/2989942_image3_1.png,,,A02,A0207,A02070200,2821437,15,Type3,126.9562759705,36.5544513454,6,20220524171124,20250404111258,041-840-8090
,자유공원 벚꽃축제,2,10,인천광역시 중구 제물량로232번길 46 (송학동1가),http://tong.visitkorea.or.kr/cms/resource/58/3485658_image2_1.JPG,http://tong.visitkorea.or.kr/cms/resource/58/3485658_image3_1.JPG,,인천광역시 자유공원,A02,A0207,A02070200,3485660,15,Type3,126.6222032877,37.4755001572,6,20250404101617,20250404101731,032-777-9892
,가락몰 빵축제 전국빵지자랑,1,18,서울특별시 송파구 양재대로 932 (가락동),http://tong.visitkorea.or.kr/cms/resource/91/3484791_image2_1.jpg,http://tong.visitkorea.or.kr/cms/resource/91/3484791_image3_1.jpg,,가락몰 3층 하늘공원,A02,A0207,A02070200,3113671,15,Type3,127.1107693087,37.4960786971,6,20240415100726,20250404094318,02-3435-0286
,김포 벚꽃축제,31,8,경기도 김포시 북변동,http://tong.visitkorea.or.kr/cms/resource/99/3480399_image2_1.jpg,http://tong.visitkorea.or.kr/cms/resource/99/3480399_image3_1.jpg,,495 김포 계양천 산책길 일원,A02,A0207,A02070200,3480383,15,Type3,126.7181764487,37.6254538568,6,20250306150814,20250403172148,031-980-5113
,대한민국 우리술 대축제,1,15,서울특별시 서초구 강남대로 27 AT센터,http://tong.visitkorea.or.kr/cms/resource/87/3485587_image2_1.JPG,http://tong.visitkorea.or.kr/cms/resource/87/3485587_image3_1.JPG,,,A02,A0207,A02070200,2769990,15,Type3,127.0407514903,37.4673918780,6,20211108234401,20250403170443,02-6952-9497~8
,포항 해병대 문화축제,35,23,경상북도 포항시 남구 오천읍 용덕리,http://tong.visitkorea.or.kr/cms/resource/02/3480202_image2_1.JPG,http://tong.visitkorea.or.kr/cms/resource/02/3480202_image3_1.JPG,,"360-1 오천읍 해병의 거리, 해병대 제1사단",A02,A0207,A02070200,2491545,15,Type3,129.4138349761,35.9759066972,6,20170429004350,20250403163626,054-270-2246
,전주세계소리축제,37,12,전북특별자치도 전주시 덕진구 소리로 31 소리문화전당,http://tong.visitkorea.or.kr/cms/resource/76/3485576_image2_1.JPG,http://tong.visitkorea.or.kr/cms/resource/76/3485576_image3_1.JPG,,한국소리문화의전당,A02,A0207,A02070200,574969,15,Type3,127.1390309872,35.8540707211,6,20080617002402,20250403161157,063-232-8394
,용인 자작나무숲 봄꽃축제,31,23,경기도 용인시 처인구 백암면 석천리 723-2,http://tong.visitkorea.or.kr/cms/resource/57/3483557_image2_1.jpg,http://tong.visitkorea.or.kr/cms/resource/57/3483557_image3_1.jpg,,용인자작나무숲,A02,A0207,A02070200,3483571,15,Type3,127.3526304759,37.1113137101,6,20250325152750,20250403151946,031-333-8877
,고창청보리밭 축제,37,1,전북특별자치도 고창군 공음면 학원농장길 150,http://tong.visitkorea.or.kr/cms/resource/11/3110011_image2_1.jpg,http://tong.visitkorea.or.kr/cms/resource/11/3110011_image3_1.jpg,,,A02,A0207,A02070200,511801,15,Type3,126.5432906580,35.3754177213,6,20080313224958,20250403145704,063-563-9897
,벚꽃과 함께하는 청주 푸드트럭 축제,33,10,충청북도 청주시 상당구 사직대로 343 (영동),http://tong.visitkorea.or.kr/cms/resource/75/3482675_image2_1.JPG,http://tong.visitkorea.or.kr/cms/resource/75/3482675_image3_1.JPG,,청주시 상당구 무심동로(청주대교~제1운천교),A02,A0207,A02070200,3482677,15,Type3,127.4854845219,36.6368123838,6,20250318174122,20250403144615,043-201-2056
,이천도자기축제,31,26,경기도 이천시 신둔면 도자예술로62번길 123,http://tong.visitkorea.or.kr/cms/resource/02/3113702_image2_1.JPG,http://tong.visitkorea.or.kr/cms/resource/02/3113702_image3_1.JPG,,"이천도자예술마을(예스파크),  사기막골도예촌",A02,A0207,A02070200,527710,15,Type3,127.3806506302,37.2913267465,6,20080402191632,20250403141300,031-645-3681~3
,성북세계음식축제 누리마실,1,17,서울특별시 성북구 성북로 37 (성북동1가),http://tong.visitkorea.or.kr/cms/resource/95/3484195_image2_1.jpg,http://tong.visitkorea.or.kr/cms/resource/95/3484195_image3_1.jpg,,,A02,A0207,A02070200,2001015,15,Type3,127.0032597348,37.5911073903,6,20150504233556,20250403130508,02-6906-9299
,이천백사 산수유꽃축제,31,26,경기도 이천시 백사면 원적로775번길 12,http://tong.visitkorea.or.kr/cms/resource/42/3485142_image2_1.jpg,http://tong.visitkorea.or.kr/cms/resource/42/3485142_image3_1.jpg,,,A02,A0207,A02070200,527727,15,Type3,127.4634000685,37.3405475559,6,20080402202947,20250402175649,031-631-2104
,인천대공원 벚꽃축제,2,4,인천광역시 남동구 장수동,http://tong.visitkorea.or.kr/cms/resource/26/3482326_image2_1.png,http://tong.visitkorea.or.kr/cms/resource/26/3482326_image3_1.png,,산79,A02,A0207,A02070200,527212,15,Type3,126.7615022096,37.4570186565,6,20080329002145,20250402174818,1544-7056
,해운대 모래축제,6,16,부산광역시 해운대구 해운대해변로 280 (중동),http://tong.visitkorea.or.kr/cms/resource/89/3317089_image2_1.jpg,http://tong.visitkorea.or.kr/cms/resource/89/3317089_image3_1.jpg,,해운대 해수욕장,A02,A0207,A02070200,566822,15,Type3,129.1626049105,35.1595354549,6,20080530004448,20250402150803,051-742-3689
,완주 모악산 웰니스 축제,37,8,전북특별자치도 완주군 구이면 모악산길 111-6,http://tong.visitkorea.or.kr/cms/resource/71/3482471_image2_1.jpg,http://tong.visitkorea.or.kr/cms/resource/71/3482471_image3_1.jpg,,,A02,A0207,A02070200,2990278,15,Type3,127.1069399166,35.7277484206,6,20230609172516,20250402135438,063-290-3977
,영등포 여의도 봄꽃축제,1,20,서울특별시 영등포구 여의도동,http://tong.visitkorea.or.kr/cms/resource/39/1607939_image2_1.jpg,http://tong.visitkorea.or.kr/cms/resource/39/1607939_image3_1.jpg,,8-1,A02,A0207,A02070200,525755,15,Type3,126.9312014213,37.5279662141,6,20120313022049,20250402101248,02-2670-3128
,낭만등불축제,31,9,경기도 남양주시 불암산로59번길 48-31 (별내동),http://tong.visitkorea.or.kr/cms/resource/46/3484846_image2_1.jpg,http://tong.visitkorea.or.kr/cms/resource/46/3484846_image3_1.jpg,,,A02,A0207,A02070200,3044039,15,Type3,127.1015407308,37.6512105067,6,20231120141357,20250401165747,010-3039-3252
,진안고원 운장산 고로쇠축제,37,14,전북특별자치도 진안군 주천면 대불리,http://tong.visitkorea.or.kr/cms/resource/56/3484856_image2_1.JPG,http://tong.visitkorea.or.kr/cms/resource/56/3484856_image3_1.JPG,,75-1,A02,A0207,A02070200,1560561,15,Type3,127.3883164752,35.9839214067,6,20120229014019,20250401152258,063-430-2393
,여주흥천남한강 벚꽃축제,31,20,경기도 여주시 흥천면 귀백리,http://tong.visitkorea.or.kr/cms/resource/81/3480281_image2_1.jpg,http://tong.visitkorea.or.kr/cms/resource/81/3480281_image3_1.jpg,,168-3번지 일원,A02,A0207,A02070200,2541370,15,Type3,127.5587995403,37.3484483837,6,20180402224709,20250331165936,031-887-3875
,공주 석장리 구석기축제,34,1,충청남도 공주시 금벽로 990,http://tong.visitkorea.or.kr/cms/resource/50/3475250_image2_1.jpg,http://tong.visitkorea.or.kr/cms/resource/50/3475250_image3_1.jpg,,,A02,A0207,A02070200,1947006,15,Type3,127.1875830683,36.4479454091,6,20140911183240,20250331162704,041-840-8090
,골체오름 벚꽃축제,39,4,제주특별자치도 제주시 조천읍 선흘리,http://tong.visitkorea.or.kr/cms/resource/39/3482339_image2_1.png,http://tong.visitkorea.or.kr/cms/resource/39/3482339_image3_1.png,,1911,A02,A0207,A02070200,3482354,15,Type3,126.7043085822,33.4496832240,6,20250313162225,20250331154221,064-782-5479
,경주 대릉원돌담길 축제,35,2,경상북도 경주시 황남동,http://tong.visitkorea.or.kr/cms/resource/14/3482114_image2_1.jpg,http://tong.visitkorea.or.kr/cms/resource/14/3482114_image3_1.jpg,,,A02,A0207,A02070200,2485128,15,Type3,129.2133231098,35.8401959957,6,20170314000426,20250331141814,054-776-5267
,2025 청산도슬로걷기축제,38,18,전라남도 완도군 청산면,http://tong.visitkorea.or.kr/cms/resource/37/3484637_image2_1.jpg,http://tong.visitkorea.or.kr/cms/resource/37/3484637_image3_1.jpg,,,A02,A0208,A02081300,999659,15,Type3,126.8590030820,34.1798852008,6,20100401090015,20250331131955,061-550-5432
,장성 황룡강 길동무 꽃길 축제,38,19,전라남도 장성군 장성읍 장재길 21,http://tong.visitkorea.or.kr/cms/resource/86/2987486_image2_1.png,http://tong.visitkorea.or.kr/cms/resource/86/2987486_image3_1.png,,장성 황룡강 일원,A02,A0207,A02070200,553411,15,Type3,126.7784603522,35.3082431700,6,20080424223506,20250331094215,061-390-7252
,군포 철쭉축제,31,7,경기도 군포시 고산로 470 (산본동),http://tong.visitkorea.or.kr/cms/resource/99/3484599_image2_1.JPG,http://tong.visitkorea.or.kr/cms/resource/99/3484599_image3_1.JPG,,,A02,A0207,A02070200,1804396,15,Type3,126.9266205400,37.3565526959,6,20130415200918,20250328161340,031-390-3558
,평택거리문화축제,31,28,경기도 평택시 평택1로 2-1 (평택동),http://tong.visitkorea.or.kr/cms/resource/29/3484529_image2_1.jpg,http://tong.visitkorea.or.kr/cms/resource/29/3484529_image3_1.jpg,,평택역 오거리 ~ 박애병원 일원,A02,A0207,A02070200,3484552,15,Type3,127.0869633560,36.9923087979,6,20250328152012,20250328152255,
,여수거북선축제,38,13,전라남도 여수시 선어시장길 6 (중앙동),http://tong.visitkorea.or.kr/cms/resource/58/3113158_image2_1.JPG,http://tong.visitkorea.or.kr/cms/resource/58/3113158_image3_1.JPG,,,A02,A0207,A02070200,553315,15,Type3,127.7363903743,34.7396152373,6,20080424185920,20250328145801,061-659-4743
,와룡산 와~봄 축제,4,6,대구광역시 서구 상리동,http://tong.visitkorea.or.kr/cms/resource/64/3482664_image2_1.jpg,http://tong.visitkorea.or.kr/cms/resource/64/3482664_image3_1.jpg,,산 119-5,A02,A0207,A02070200,3482671,15,Type3,128.5305489090,35.8714158519,6,20250318170419,20250328142548,053-663-2181
,논산딸기축제,34,3,충청남도 논산시 관촉동,http://tong.visitkorea.or.kr/cms/resource/91/3479791_image2_1.jpg,http://tong.visitkorea.or.kr/cms/resource/91/3479791_image3_1.jpg,,339-1,A02,A0207,A02070100,525292,15,Type3,127.1056055127,36.1954950859,6,20080325215742,20250328130917,041-730-2973
,물금벚꽃축제,36,10,경상남도 양산시 물금읍 황산공원1길 275,http://tong.visitkorea.or.kr/cms/resource/93/3479893_image2_1.jpg,http://tong.visitkorea.or.kr/cms/resource/93/3479893_image3_1.jpg,,황산공원,A02,A0207,A02070200,3110082,15,Type3,128.9814054996,35.3079543547,6,20240318174342,20250328101549,055-392-2547~8
,화성 뱃놀이 축제,31,31,경기도 화성시 서신면 전곡항로 5,http://tong.visitkorea.or.kr/cms/resource/56/3484056_image2_1.jpg,http://tong.visitkorea.or.kr/cms/resource/56/3484056_image3_1.jpg,,,A02,A0207,A02070100,1811380,15,Type3,126.6510336560,37.1855870833,6,20130515231916,20250328092227,031-290-4689
,정읍 벚꽃축제,37,13,전북특별자치도 정읍시 벚꽃로 401 (시기동),http://tong.visitkorea.or.kr/cms/resource/64/3110064_image2_1.jpg,http://tong.visitkorea.or.kr/cms/resource/64/3110064_image3_1.jpg,,정읍천 어린이 축구장,A02,A0207,A02070200,2486075,15,Type3,126.8557220904,35.5613102375,6,20170320235505,20250327165307,063-539-5235
,양양생생축제,32,7,강원특별자치도 양양군 양양읍 일출로 570,http://tong.visitkorea.or.kr/cms/resource/78/3484078_image2_1.png,http://tong.visitkorea.or.kr/cms/resource/78/3484078_image3_1.png,,양양웰컴센터 앞 잔디공원 및 주차장,A02,A0207,A02070200,3484079,15,Type3,128.6245424252,38.0744454122,6,20250327142838,20250327144357,033-671-7802<br>033-671-7888
,고령대가야축제,35,3,경상북도 고령군 대가야로 1216 대가야역사테마관광지,http://tong.visitkorea.or.kr/cms/resource/25/3476725_image2_1.jpg,http://tong.visitkorea.or.kr/cms/resource/25/3476725_image3_1.jpg,,,A02,A0207,A02070100,2667017,15,Type3,128.2599602256,35.7212529077,6,20200813012345,20250327104516,054-950-6427
,익산서동축제,37,9,전북특별자치도 익산시 금마면 고도9길 41-14,http://tong.visitkorea.or.kr/cms/resource/60/3483960_image2_1.jpg,http://tong.visitkorea.or.kr/cms/resource/60/3483960_image3_1.jpg,,익산서동공원,A02,A0207,A02070200,637546,15,Type3,127.0609146595,36.0006415547,6,20081014224944,20250326164750,063-843-8817
,김제 꽃빛드리 축제,37,3,전북특별자치도 김제시 도작로 220 (검산동),http://tong.visitkorea.or.kr/cms/resource/82/3107882_image2_1.jpg,http://tong.visitkorea.or.kr/cms/resource/82/3107882_image3_1.jpg,,김제시민문화체육공원,A02,A0207,A02070200,2953096,15,Type1,126.8999144686,35.8130212655,6,20230328172400,20250326161254,063-542-5203
,생거진천 농다리축제,33,8,충청북도 진천군 진천읍 문화로 79,http://tong.visitkorea.or.kr/cms/resource/97/2492097_image2_1.jpg,http://tong.visitkorea.or.kr/cms/resource/97/2492097_image2_1.jpg,,,A02,A0207,A02070200,142186,15,Type3,127.4398938112,36.8500731710,6,20070808090000,20250326151025,043-539-3603
,안동벚꽃축제,35,11,경상북도 안동시 축제장길 200 (운흥동),http://tong.visitkorea.or.kr/cms/resource/39/3482739_image2_1.JPG,http://tong.visitkorea.or.kr/cms/resource/39/3482739_image3_1.JPG,,,A02,A0207,A02070200,3109677,15,Type3,128.7306588876,36.5605523512,6,20240315172102,20250326142141,054-840-3400
,화개장터 벚꽃축제,36,18,경상남도 하동군 화개면 탑리,http://tong.visitkorea.or.kr/cms/resource/85/3480485_image2_1.JPG,http://tong.visitkorea.or.kr/cms/resource/85/3480485_image3_1.JPG,,576 화개면 그린나래광장,A02,A0207,A02070200,525901,15,Type3,127.6276576813,35.1947677761,6,20080326231124,20250326142034,055-880-6584
,태백 천상의 산나물 축제,32,14,강원특별자치도 태백시 장성동,http://tong.visitkorea.or.kr/cms/resource/23/3483923_image2_1.jpg,http://tong.visitkorea.or.kr/cms/resource/23/3483923_image3_1.jpg,,159-31,A02,A0207,A02070200,2982690,15,Type3,129.0096625526,37.1010263860,6,20230421143003,20250326135309,033-550-2726
,렛츠런파크 서울 벚꽃축제,31,3,경기도 과천시 경마공원대로 107 (주암동),http://tong.visitkorea.or.kr/cms/resource/46/3108646_image2_1.jpg,http://tong.visitkorea.or.kr/cms/resource/46/3108646_image3_1.jpg,,렛츠런파크 서울,A02,A0207,A02070200,525883,15,Type3,127.0086495110,37.4441273360,6,20080326222231,20250326112904,02-3448-0095
,함양산삼축제,36,20,경상남도 함양군 함양읍 필봉산길 49,http://tong.visitkorea.or.kr/cms/resource/76/3483576_image2_1.jpg,http://tong.visitkorea.or.kr/cms/resource/76/3483576_image3_1.jpg,,,A02,A0207,A02070200,563458,15,Type3,127.7218713327,35.5237239599,6,20080523221437,20250326100707,055-964-3353
,서대문 봄빛축제,1,14,서울특별시 서대문구 홍은동,http://tong.visitkorea.or.kr/cms/resource/03/3483603_image2_1.JPG,http://tong.visitkorea.or.kr/cms/resource/03/3483603_image3_1.JPG,,428-1 홍제폭포광장,A02,A0207,A02070200,3483727,15,Type3,126.9370688057,37.5819600437,6,20250326092101,20250326100556,02-330-1410
